{
  "project_info": {
    "project_number": "124048041668",
    "firebase_url": "https://hospital-buddy.firebaseio.com",
    "project_id": "hospital-buddy",
    "storage_bucket": "hospital-buddy.appspot.com"
  },
  "client": [
    {
      "client_info": {
        "mobilesdk_app_id": "1:124048041668:android:a4634224eed80472",
        "android_client_info": {
          "package_name": "com.example.efas.hospital_buddy"
        }
      },
      "oauth_client": [
        {
          "client_id": "124048041668-rgnek9qrh5ev77fbpdfdin4bnf6vca5n.apps.googleusercontent.com",
          "client_type": 1,
          "android_info": {
            "package_name": "com.example.efas.hospital_buddy",
            "certificate_hash": "12f53615becaab85c87e167bbe8271dc4b49147e"
          }
        },
        {
          "client_id": "124048041668-5e5jc1aqrqtbug10pmhc8nv0fqgl5ml1.apps.googleusercontent.com",
          "client_type": 3
        }
      ],
      "api_key": [
        {
          "current_key": "AIzaSyA9Tc4OydWNhaOLF5tJ38_cJIYP20o7Y0A"
        }
      ],
      "services": {
        "analytics_service": {
          "status": 1
        },
        "appinvite_service": {
          "status": 2,
          "other_platform_oauth_client": [
            {
              "client_id": "124048041668-5e5jc1aqrqtbug10pmhc8nv0fqgl5ml1.apps.googleusercontent.com",
              "client_type": 3
            }
          ]
        },
        "ads_service": {
          "status": 2
        }
      }
    },
    {
      "client_info": {
        "mobilesdk_app_id": "1:124048041668:android:2660dd78e6fd36c6",
        "android_client_info": {
          "package_name": "com.example.efas.hospitalbuddy"
        }
      },
      "oauth_client": [
        {
          "client_id": "124048041668-4poearflndnpgh7gj3lcidq11p8ta5gn.apps.googleusercontent.com",
          "client_type": 1,
          "android_info": {
            "package_name": "com.example.efas.hospitalbuddy",
            "certificate_hash": "12f53615becaab85c87e167bbe8271dc4b49147e"
          }
        },
        {
          "client_id": "124048041668-5e5jc1aqrqtbug10pmhc8nv0fqgl5ml1.apps.googleusercontent.com",
          "client_type": 3
        }
      ],
      "api_key": [
        {
          "current_key": "AIzaSyA9Tc4OydWNhaOLF5tJ38_cJIYP20o7Y0A"
        }
      ],
      "services": {
        "analytics_service": {
          "status": 1
        },
        "appinvite_service": {
          "status": 2,
          "other_platform_oauth_client": [
            {
              "client_id": "124048041668-5e5jc1aqrqtbug10pmhc8nv0fqgl5ml1.apps.googleusercontent.com",
              "client_type": 3
            }
          ]
        },
        "ads_service": {
          "status": 2
        }
      }
    },
    {
      "client_info": {
        "mobilesdk_app_id": "1:124048041668:android:3608e6c1e279c707",
        "android_client_info": {
          "package_name": "com.example.efas.myhospitalbuddy"
        }
      },
      "oauth_client": [
        {
          "client_id": "124048041668-g4j8cmh2u0q9gf8kmj210oc3c57qmgtb.apps.googleusercontent.com",
          "client_type": 1,
          "android_info": {
            "package_name": "com.example.efas.myhospitalbuddy",
            "certificate_hash": "12f53615becaab85c87e167bbe8271dc4b49147e"
          }
        },
        {
          "client_id": "124048041668-5e5jc1aqrqtbug10pmhc8nv0fqgl5ml1.apps.googleusercontent.com",
          "client_type": 3
        }
      ],
      "api_key": [
        {
          "current_key": "AIzaSyA9Tc4OydWNhaOLF5tJ38_cJIYP20o7Y0A"
        }
      ],
      "services": {
        "analytics_service": {
          "status": 1
        },
        "appinvite_service": {
          "status": 2,
          "other_platform_oauth_client": [
            {
              "client_id": "124048041668-5e5jc1aqrqtbug10pmhc8nv0fqgl5ml1.apps.googleusercontent.com",
              "client_type": 3
            }
          ]
        },
        "ads_service": {
          "status": 2
        }
      }
    }
  ],
  "configuration_version": "1"
}